Date,Speaker,crime_gt_score,economy_gt_score,elites_gt_score,people_gt_score,service_gt_score,they_gt_score,violence_gt_score,war_gt_score,we_gt_score,they_we_ratio
2015-01-01,Trump,,,,,,,,,,
2015-02-01,Trump,,,,,,,,,,
2015-03-01,Trump,,,,,,,,,,
2015-04-01,Trump,0.0,1.181525241675618,0.2148227712137487,0.0,0.0,2.82513395031661,0.1611170784103115,0.0,2.581587920116902,1.0943396226415094
2015-05-01,Trump,0.02957704821058858,1.952085181898846,0.2366163856847086,0.0,0.02957704821058858,4.171240395170143,0.3845016267376516,0.02957704821058858,2.469813391877058,1.6888888888888889
2015-06-01,Trump,0.06756756756756757,1.638513513513513,0.3209459459459459,0.0,0.1689189189189189,2.316724849254205,0.793918918918919,0.2533783783783784,3.221199619168518,0.7192118226600984
2015-07-01,Trump,0.07640586797066015,1.084963325183374,0.1069682151589242,0.0,0.03056234718826406,2.437688304574089,0.6112469437652812,0.1680929095354523,1.944672692413037,1.2535211267605635
2015-08-01,Trump,0.1198861081972126,1.303761426644688,0.1198861081972126,0.01498576352465158,0.179829162295819,2.388946280991735,0.4495729057395474,0.04495729057395474,2.15650826446281,1.1077844311377243
2015-09-01,Trump,0.07504127269998499,1.320726399519736,0.09004952723998198,0.0,0.07504127269998499,2.368351415718444,0.6003301815998799,0.105057781779979,2.778512834083091,0.8523809523809524
2015-10-01,Trump,0.01680672268907563,1.663865546218487,0.2016806722689076,0.0,0.03361344537815126,3.048397234443746,0.319327731092437,0.1176470588235294,2.844123192960403,1.0718232044198892
2015-11-01,Trump,0.1488316713796696,1.086471201071588,0.1934811727935705,0.0,0.0744158356898348,2.607400049664763,0.5506771841047775,0.04464950141390088,3.017134343183511,0.8641975308641977
2015-12-01,Trump,0.09041591320072333,0.617842073538276,0.1506931886678722,0.0,0.1054852320675105,3.260702777351542,0.9192284508740205,0.1808318264014467,2.669940156513734,1.2212643678160917
2016-01-01,Trump,0.02418964683115626,1.064344460570876,0.1693275278180938,0.02418964683115626,0.07256894049346879,2.18281036834925,0.7740686985970004,0.2418964683115627,2.910413824465666,0.7500000000000002
2016-02-01,Trump,0.06193868070610096,1.331681635181171,0.03096934035305048,0.03096934035305048,0.1858160421183029,1.964809384164223,0.8671415298854134,0.2167853824713533,3.137829912023461,0.6261682242990653
2016-03-01,Trump,0.09357454772301933,0.9669369931378666,0.4054897067997504,0.06238303181534623,0.2495321272613849,2.004126142057177,0.8109794135995009,0.2495321272613849,4.774535809018567,0.41975308641975323
2016-04-01,Trump,0.03092624091541673,0.9896397092933353,0.3092624091541673,0.06185248183083346,0.2010205659502088,2.0963750181977,0.3092624091541673,0.1546312045770837,3.100888047750765,0.6760563380281689
2016-05-01,Trump,0.04449718184514981,0.6674577276772471,0.2521506971225156,0.01483239394838327,0.222485909225749,1.794273073614354,0.3708098487095817,0.1038267576386829,4.215312768833723,0.4256559766763848
2016-06-01,Trump,0.0,4.27094668117519,0.3808487486398259,0.1088139281828074,0.08161044613710555,1.41533710756562,0.5168661588683352,0.1360174102285092,3.474009264024704,0.4074074074074074
2016-07-01,Trump,0.1194267515923567,1.512738853503185,0.179140127388535,0.0,0.03980891719745223,2.090789225842908,0.4976114649681528,0.07961783439490447,3.522320587681296,0.5935828877005346
2016-08-01,Trump,0.1659160938611045,1.445840246503911,0.4266413842142688,0.0,0.1185114956150747,1.237964236588721,1.114008058781702,0.09480919649205972,2.659330582301696,0.4655172413793105
2016-09-01,Trump,0.02527805864509606,1.66835187057634,0.8847320525783621,0.2275025278058645,0.2275025278058645,1.004901960784314,0.6066734074823054,0.02527805864509606,1.887254901960784,0.5324675324675326
2016-10-01,Trump,0.06185248183083346,1.438070202566878,0.5721354569352095,0.07731560228854183,0.1082418432039586,1.918141294069972,0.6185248183083346,0.2164836864079171,2.553019046332568,0.7513227513227515
2016-11-01,Trump,0.07686395080707148,1.255444529848834,0.4868050217781194,0.07686395080707148,0.153727901614143,1.641352278294953,0.5636689725851909,0.1281065846784525,4.385105340519353,0.3743016759776535
2016-12-01,Trump,0.1319696469811943,0.6763444407786209,0.1979544704717915,0.1649620587264929,0.0,1.489028213166144,0.3794127350709337,0.06598482349059716,3.040752351097179,0.48969072164948446
2017-01-01,Trump,0.1640419947506562,1.34514435695538,0.0,0.09842519685039369,0.09842519685039369,1.130653266331658,0.426509186351706,0.03280839895013123,3.894472361809045,0.29032258064516125
2017-02-01,Trump,0.157418339236521,1.042896497441952,0.1967729240456513,0.03935458480913026,0.1770956316410862,1.754385964912281,0.905155450609996,0.2164502164502164,3.39678984695782,0.5164835164835166
2017-03-01,Trump,0.07183908045977011,1.340996168582375,0.09578544061302681,0.1436781609195402,0.2155172413793103,1.447943001608825,0.4310344827586207,0.0239463601532567,3.953114226614571,0.3662790697674418
2017-04-01,Trump,0.2769571639586411,1.218611521418021,0.2215657311669129,0.03692762186115214,0.09231905465288034,1.715296198054819,1.144756277695716,0.1477104874446086,4.031830238726791,0.4254385964912281
2017-05-01,Trump,,,,,,,,,,
2017-06-01,Trump,0.1570105197048202,0.8792589103469932,0.1099073637933742,0.06280420788192809,0.03140210394096404,1.76463278240338,0.5338357669963888,0.07850525985241011,2.98247794209022,0.5916666666666667
2017-07-01,Trump,0.2533394748963611,1.174573929064947,0.09212344541685859,0.1381851681252879,0.2303086135421465,1.756311745334797,0.8751727314601566,0.1381851681252879,5.027442371020856,0.3493449781659389
2017-08-01,Trump,0.1706219947262293,0.5894214363269739,0.3567550798821157,0.1085776330076004,0.1395998138669149,2.556262230919765,1.16333178222429,0.09306654257794324,4.060665362035225,0.6295180722891566
2017-09-01,Trump,0.01529987760097919,0.4895960832313341,0.1682986536107711,0.1376988984088127,0.03059975520195838,1.559718572518437,0.3365973072215422,0.04589963280293758,2.288717470543359,0.6814814814814814
2017-10-01,Trump,0.0,1.740391588107324,0.1087744742567078,0.145032632342277,0.0725163161711385,1.253481894150418,0.5076142131979695,0.03625815808556925,5.745125348189415,0.21818181818181823
2017-11-01,Trump,0.03818251240931653,2.157311951126384,0.07636502481863307,0.09545628102329133,0.01909125620465827,1.975489299432962,0.3436426116838488,0.09545628102329133,3.694896652643131,0.5346534653465349
2017-12-01,Trump,0.1571091908876669,1.508248232521602,0.204241948153967,0.09426551453260015,0.1256873527101335,1.775405729223396,0.7855459544383346,0.2199528672427337,4.00827796536325,0.4429347826086956
2018-01-01,Trump,0.03691399040236249,2.436323366555925,0.0,0.1845699520118125,0.1107419712070875,1.251268177206628,0.221483942414175,0.03691399040236249,2.671626648630369,0.4683544303797467
2018-02-01,Trump,0.01570598397989634,0.3455316475577195,0.04711795193968902,0.0,0.3455316475577195,2.824970367443698,1.005182974713366,0.3769436155175122,4.375740813907546,0.6455981941309256
2018-03-01,Trump,0.1796945193171609,1.242887091943696,0.04492362982929021,0.02994908655286014,0.1048218029350105,2.660727185167349,0.9433962264150944,0.04492362982929021,3.455333493859861,0.7700348432055748
2018-04-01,Trump,0.0916310323762981,1.450824679291387,0.3054367745876604,0.01527183872938302,0.2138057422113622,2.4179452320839,0.3665241295051924,0.1221747098350641,3.282190716644009,0.7366863905325444
2018-05-01,Trump,0.1539408866995074,0.6311576354679803,0.0,0.04618226600985222,0.1539408866995074,2.140754616002141,0.6311576354679803,0.09236453201970443,3.371688520203372,0.6349206349206349
2018-06-01,Trump,0.1717408274785324,1.46760343481655,0.0,0.0156128024980484,0.2029664324746292,2.396010702991973,0.5152224824355972,0.1092896174863388,3.746047190464607,0.6396103896103897
2018-07-01,Trump,0.1420230392930409,1.07306296354742,0.07890168849613381,0.06312135079690705,0.09468202619536059,1.828899637243047,0.53653148177371,0.1262427015938141,3.1136638452237,0.587378640776699
2018-08-01,Trump,0.1563477173233271,1.360225140712946,0.2032520325203252,0.04690431519699812,0.1563477173233271,2.432875330896256,0.5159474671669794,0.07817385866166354,2.861464767427203,0.8502202643171805
2018-09-01,Trump,0.2037298229117693,1.285065036828083,0.06268609935746748,0.03134304967873374,0.09402914903620122,2.719277944920157,1.332079611346184,0.5014887948597399,3.320990511455681,0.818815331010453
2018-10-01,Trump,0.2799160251924422,0.7930954047119197,0.06997900629811056,0.1399580125962211,0.09330534173081409,1.307779030439684,1.096337765337066,0.2565896897597387,3.630214205186021,0.36024844720496874
2018-11-01,Trump,0.3259604190919674,2.025611175785798,0.06984866123399301,0.06984866123399301,0.09313154831199069,1.734489659773182,1.0011641443539,0.279394644935972,3.891483211029576,0.4457142857142856
2018-12-01,Trump,,,,,,,,,,
2019-01-01,Trump,,,,,,,,,,
2019-02-01,Trump,0.4097069019855026,0.7721399306649859,0.2048534509927513,0.06303183107469272,0.1418216199180586,1.734174145040019,0.8824456350456981,0.07878978884336589,3.395585738539898,0.5107142857142856
2019-03-01,Trump,0.07711289327575571,1.187538556446638,0.3392967304133251,0.04626773596545342,0.09253547193090685,2.62065953264905,0.4164096236890808,0.03084515731030228,3.570648613234331,0.7339449541284403
2019-04-01,Trump,0.01542971763616726,1.91328498688474,0.1388674587255053,0.0,0.04628915290850177,1.754748142031379,0.478321246721185,0.1542971763616726,2.941783649876136,0.5964912280701753
2019-05-01,Trump,0.1902949571836346,1.347922613384079,0.1902949571836346,0.03171582619727244,0.3488740881699968,1.767241379310345,0.6977481763399936,0.142721217887726,3.520114942528735,0.5020408163265307
2019-06-01,Trump,0.2530444409299383,0.4744583267436343,0.03163055511624229,0.01581527755812115,0.2372291633718172,2.475601047369674,0.6958722125573304,0.09489166534872687,2.808855034515592,0.8813559322033897
2019-07-01,Trump,0.01576292559899117,1.292559899117276,0.1261034047919294,0.01576292559899117,0.1103404791929382,3.313666855249333,0.362547288776797,0.2206809583858765,3.418734340903581,0.9692671394799052
2019-08-01,Trump,0.07751937984496124,1.751937984496124,0.124031007751938,0.01550387596899225,0.07751937984496124,1.686842627505458,0.4496124031007752,0.09302325581395349,3.631672950982338,0.46448087431693996
2019-09-01,Trump,0.0,2.337228714524207,0.04173622704507512,0.04173622704507512,0.2921535893155259,0.5258899676375405,0.333889816360601,0.1252086811352254,4.935275080906148,0.10655737704918035
2019-10-01,Trump,0.1238965463837696,1.207991327241753,0.1858448195756543,0.06194827319188478,0.04646120489391358,2.453338464498749,1.115068917453926,0.2632801610655103,2.790071194920146,0.8793103448275861
2019-11-01,Trump,0.1089833411178577,0.9185738751362292,0.4047952670091858,0.01556904873112253,0.2179666822357154,1.778455284552845,0.6694690954382687,0.1556904873112253,2.611788617886179,0.6809338521400776
2019-12-01,Trump,0.1259842519685039,1.181102362204724,0.2677165354330708,0.01574803149606299,0.2834645669291339,2.801217920835146,0.5984251968503937,0.1889763779527559,3.323183993040452,0.8429319371727751
2020-01-01,Trump,0.09405862987929142,1.457908763129017,0.07838219156607619,0.03135287662643048,0.03135287662643048,2.285467874083657,0.7367926007211162,0.1097350681925067,2.492453643811988,0.9169550173010382
2020-02-01,Trump,0.1094091903719912,0.734604563926227,0.09377930603313535,0.04688965301656767,0.03125976867771178,2.281709044813959,1.203501094091904,0.3594873397936855,3.325628215643874,0.6860986547085204
2020-03-01,Trump,0.1426533523537803,0.9034712315739419,0.1743540973212871,0.06340148993501347,0.1902044698050404,1.317982123920618,1.204628308765256,0.2536059597400539,2.651113467656416,0.49714285714285705
2020-04-01,Trump,,,,,,,,,,
2020-05-01,Trump,0.0,1.77276390008058,0.0,0.02686005909213,0.13430029546065,1.583820662768031,0.51034112275047,0.10744023636852,3.508771929824561,0.45138888888888884
2020-06-01,Trump,0.0,1.442176870748299,0.0272108843537415,0.0272108843537415,0.108843537414966,1.360712518555171,1.170068027210884,0.9251700680272109,3.463631865413161,0.392857142857143
2020-07-01,Trump,,,,,,,,,,
2020-08-01,Trump,0.2640161515763317,0.9318217114458768,0.1242428948594502,0.01553036185743128,0.3106072371486255,2.153721900659577,0.9939431588756018,0.1708339804317441,3.190200565351999,0.6751054852320675
2020-09-01,Trump,0.1432208784213876,0.7797581158497772,0.1113940165499682,0.0,0.302355187778485,1.844724618447246,0.9388924252068745,0.1432208784213876,3.145321831453218,0.5864978902953586
2020-10-01,Trump,0.223463687150838,0.9257781324820431,0.111731843575419,0.03192338387869114,0.2394253790901835,1.895551257253385,1.165203511572227,0.223463687150838,3.313990973565442,0.5719844357976653
2020-11-01,Trump,0.04658385093167702,0.9937888198757764,0.2018633540372671,0.0,0.09316770186335403,1.908638625056535,0.4503105590062111,0.07763975155279502,3.627317955676165,0.5261845386533665
2020-12-01,Trump,0.0473260766682442,0.4101593311247831,0.1419782300047326,0.01577535888941474,0.0473260766682442,3.011485042735043,0.6783404322448336,0.1419782300047326,3.445512820512821,0.8740310077519379
2021-01-01,Trump,0.0,0.641025641025641,0.0,0.0,0.1602564102564102,0.9870918754745633,0.5608974358974359,0.1602564102564102,4.783599088838269,0.20634920634920634
2021-02-01,Trump,0.128493414712496,0.610343719884356,0.144555091551558,0.032123353678124,0.16061676839062,2.772829370304391,0.6424670735624799,0.144555091551558,3.648052048640694,0.7600849256900211
2021-03-01,Trump,,,,,,,,,,
2021-04-01,Trump,,,,,,,,,,
2021-05-01,Trump,,,,,,,,,,
2021-06-01,Trump,0.3783698565347627,0.6463818382468863,0.06306164275579379,0.06306164275579379,0.04729623206684534,3.082089552238806,1.040517105470598,0.2364811603342267,2.895522388059701,1.0644329896907219
2021-07-01,Trump,0.1743264659270999,0.4595879556259905,0.1426307448494453,0.01584786053882726,0.03169572107765452,3.246248580139893,0.618066561014263,0.03169572107765452,2.451126920547618,1.3243902439024386
2021-08-01,Trump,0.09453285016543249,0.4569087757995903,0.04726642508271624,0.03151095005514416,0.09453285016543249,2.768811419553834,1.276193477233339,0.582952576020167,3.34983143246539,0.8265524625267665
2021-09-01,Trump,0.1601537475976938,0.2722613709160794,0.1761691223574632,0.03203074951953876,0.06406149903907751,2.68281807372176,0.9929532351057014,0.3523382447149263,2.957788347205707,0.9070351758793971
2021-10-01,Trump,0.1911132345914955,0.8122312470138557,0.1751871317088708,0.01592610288262462,0.1433349259436216,2.822322001282874,1.258162127727345,0.3025959547698678,3.553559974342527,0.7942238267148016
2021-11-01,Trump,,,,,,,,,,
2021-12-01,Trump,,,,,,,,,,
2022-01-01,Trump,0.319030148349019,0.8773329079598022,0.2233211038443133,0.04785452225235285,0.1276120593396076,2.138203175185831,1.244217578561174,0.3349816557664699,2.945764889419106,0.7258566978193147
2022-02-01,Trump,0.3770028275212064,0.7854225573358466,0.3141690229343387,0.03141690229343386,0.0471253534401508,2.637749120750293,1.413760603204524,0.4241281809613572,3.614693239546698,0.7297297297297297
2022-03-01,Trump,0.3743565746373421,0.7487131492746841,0.1715800967087818,0.07799095304944627,0.06239276243955701,1.520514883346742,1.435033536109811,0.4523475276867884,2.542236524537409,0.598101265822785
2022-04-01,Trump,0.198989744374713,1.102097045767641,0.1683759375478341,0.06122761365375785,0.09184142048063677,2.398430118467912,1.102097045767641,0.3826725853359865,2.732756741042227,0.8776595744680852
2022-05-01,Trump,0.1395998138669149,0.604932526756631,0.1551109042965721,0.04653327128897162,0.1395998138669149,1.939267808154385,1.05475414921669,0.3722661703117729,3.046069435247375,0.6366459627329193
2022-06-01,Trump,0.3539823008849557,0.2896218825422365,0.2574416733708769,0.06436041834271923,0.1287208366854385,2.485314053321284,1.432019308125503,0.3057119871279164,2.98237686398554,0.8333333333333336
2022-07-01,Trump,0.8364162779475631,0.3538684252855075,0.0643397136882741,0.03216985684413705,0.1930191410648223,2.615891717511747,2.235805050667524,0.2251889979089593,3.331229398976085,0.7852631578947369
2022-08-01,Trump,0.3478810879190386,0.7590132827324478,0.07906388361796331,0.0,0.06325110689437065,2.620565320970961,1.138519924098672,0.1581277672359266,3.051960594939154,0.8586497890295357
2022-09-01,Trump,0.5399396538033985,0.7463871684929332,0.3493727171669049,0.03176115610608226,0.06352231221216452,2.963997517070143,1.905669366364936,0.2540892488486581,3.282122905027933,0.9030732860520096
2022-10-01,Trump,0.3836317135549872,0.3836317135549872,0.2078005115089514,0.0479539641943734,0.079923273657289,2.797946920380571,1.326726342710997,0.2557544757033248,3.198547821732599,0.8747553816046967
2022-11-01,Trump,0.1277751157961987,1.054144705318639,0.09583133684714902,0.07985944737262418,0.01597188947452484,2.355413026650448,1.102060373742214,0.3194377894904967,4.213203582881786,0.5590551181102363
2022-12-01,Trump,,,,,,,,,,
2023-01-01,Trump,0.405110626363353,0.6232471174820816,0.0779058896852602,0.01558117793705204,0.1090682455593643,2.752024982921831,1.215331879090059,0.373948270489249,3.327803259490583,0.8269794721407624
2023-02-01,Trump,,,,,,,,,,
2023-03-01,Trump,0.3313348059324708,0.3786683496371095,0.4260018933417482,0.0,0.06311139160618492,2.810337522948736,1.025560113600505,0.1262227832123698,2.775031775172998,1.0127226463104326
2023-04-01,Trump,0.0,1.487680148768015,0.2324500232450023,0.01549666821633349,0.01549666821633349,2.485536747375187,0.4029133736246707,0.1084766775143344,3.010499250053567,0.8256227758007116
2023-05-01,Trump,0.0158654608916389,1.570680628272251,0.2697128351578614,0.0158654608916389,0.0158654608916389,2.738995108937305,0.5235602094240838,0.1903855306996668,3.112494441974211,0.8799999999999998
2023-06-01,Trump,0.1882057716436637,0.7998745294855709,0.486198243412798,0.0,0.439146800501882,3.036592026215183,1.066499372647428,0.3293601003764116,3.058438012015293,0.9928571428571427
2023-07-01,Trump,0.354336773994762,0.3697427206901864,0.5700200277307041,0.0,0.03081189339084887,2.13442011466464,1.140040055461408,0.1694654136496688,2.928783587759895,0.7287735849056602
2023-08-01,Trump,0.04589261128958238,0.7495793177298455,0.3365458161236041,0.0,0.2600581306409668,2.294032467037573,0.6883891693437356,0.3212482790270766,2.675100983156772,0.8575498575498574
2023-09-01,Trump,0.03178639542275906,1.843610934520025,0.2383979656706929,0.0,0.04767959313413859,2.695729537366548,0.5721551176096631,0.06357279084551812,2.775800711743772,0.9711538461538463
2023-10-01,Trump,0.1098728614032334,0.9731596295714958,0.1255689844608382,0.04708836917281432,0.1255689844608382,2.683544303797468,1.428347198242034,0.4237953225553289,3.060478199718706,0.8768382352941176
2023-11-01,Trump,0.15600624024961,0.733229329173167,0.265210608424337,0.0,0.0,2.23134733090571,1.123244929797192,0.436817472698908,2.998372975904548,0.7441860465116278
2023-12-01,Trump,0.03139224611520954,1.365562706011615,0.3139224611520954,0.0,0.04708836917281432,3.104172372865881,0.8475906451106577,0.3767069533825145,3.122432210353328,0.9941520467836256
2024-01-01,Trump,0.2530044275774826,0.3636938646426313,0.189753320683112,0.01581277672359266,0.3004427577482606,2.226145697397712,1.201771030993042,0.3004427577482606,2.771167575036463,0.8033240997229913
2024-02-01,Trump,0.01549186676994578,1.161890007745933,0.4027885360185902,0.01549186676994578,0.06196746707978311,1.815741691008131,0.5267234701781565,0.09295120061967467,2.952553880161048,0.6149732620320855
2024-03-01,Trump,0.4367493370768991,0.6551240056153487,0.2651692403681173,0.01559819060988925,0.0,2.768910478834143,1.232257058181251,0.09358914365933552,3.095072866065232,0.8946188340807176
2024-04-01,Trump,0.5110188438198658,0.5429575215586074,0.4311721494730118,0.07984669434685404,0.06387735547748323,2.368057767866624,1.485148514851485,0.1437240498243373,3.483062546458533,0.6798780487804876
2024-05-01,Trump,0.06196746707978311,1.161890007745933,0.139426800929512,0.03098373353989155,0.1239349341595662,1.8911473456928,0.836560805577072,0.2633617350890782,3.015412106321197,0.6271604938271604
2024-06-01,Trump,0.2170879206078462,0.6357574817801209,0.2791130407815165,0.03101256008683517,0.01550628004341758,2.348675914249685,1.318033803690495,0.2946193208249341,2.380201765447667,0.9867549668874173
2024-07-01,Trump,0.2909647779479326,0.3369065849923431,0.2297090352220521,0.04594180704441041,0.2143950995405819,1.614841520204296,1.07197549770291,0.06125574272588055,2.02794051374493,0.7962962962962964
2024-08-01,Trump,0.3211009174311927,0.2599388379204893,0.1681957186544343,0.0,0.04587155963302753,2.493301577850551,1.085626911314985,0.09174311926605505,2.716582316165526,0.9178082191780822
2024-09-01,Trump,0.853462157809984,0.4347826086956522,0.2254428341384863,0.03220611916264091,0.0966183574879227,3.010599447759864,1.948470209339774,0.08051529790660225,2.413823817582613,1.2472324723247232
2024-10-01,Trump,0.503509307293256,0.45773573390296,0.06103143118706134,0.03051571559353067,0.137320720170888,2.218847549143677,1.1443393347574,0.1525785779676533,1.991057116341854,1.1144067796610173
2024-11-01,Trump,,,,,,,,,,
2024-12-01,Trump,,,,,,,,,,
2015-01-01,Clinton,,,,,,,,,,
2015-02-01,Clinton,,,,,,,,,,
2015-03-01,Clinton,,,,,,,,,,
2015-04-01,Clinton,0.0,1.284109149277689,0.0,0.0,1.524879614767255,0.9796533534287867,0.5617977528089888,0.08025682182985554,1.959306706857573,0.5000000000000001
2015-05-01,Clinton,0.02741979709350151,1.124211680833562,0.0,0.08225939128050452,0.2467781738415135,1.177675371223758,0.2193583767480121,0.0,2.227342549923195,0.5287356321839078
2015-06-01,Clinton,0.08849557522123894,2.323008849557522,0.1106194690265487,0.04424778761061947,0.4424778761061947,1.04144527098831,0.5530973451327433,0.1106194690265487,3.08182784272051,0.3379310344827585
2015-07-01,Clinton,0.1784121320249777,0.8920606601248885,0.0,0.0,0.4014272970561998,1.572460688482788,0.6690454950936664,0.08920606601248886,2.464938376540586,0.6379310344827588
2015-08-01,Clinton,0.07275372862859221,1.455074572571844,0.0363768643142961,0.0363768643142961,0.2546380502000727,1.546029515108925,1.273190251000364,0.07275372862859221,2.459592410400562,0.6285714285714287
2015-09-01,Clinton,0.09622323791195574,1.780129901371181,0.04811161895597787,0.04811161895597787,0.4089487611258119,1.031400412560165,0.8178975222516238,0.04811161895597787,2.589961035984414,0.3982300884955753
2015-10-01,Clinton,0.09101251422070535,2.571103526734926,0.04550625711035267,0.0,0.2730375426621161,1.465833153696917,0.409556313993174,0.04550625711035267,2.88855356757922,0.507462686567164
2015-11-01,Clinton,0.02606202762574928,1.82434193380245,0.05212405525149857,0.05212405525149857,0.2084962210059943,1.354012801575579,0.6254886630179828,0.05212405525149857,2.535696701132447,0.533980582524272
2015-12-01,Clinton,0.08074283407347597,1.978199434800161,0.0,0.0,0.7468712151796528,1.507921359037984,0.5853855470327008,0.08074283407347597,2.576827638862378,0.5851851851851851
2016-01-01,Clinton,0.07211538461538462,2.307692307692308,0.1442307692307692,0.04807692307692308,0.6490384615384616,2.282485875706215,0.9615384615384616,0.04807692307692308,2.96045197740113,0.7709923664122138
2016-02-01,Clinton,0.1335826876836762,2.404488378306171,0.2938819129040876,0.106866150146941,0.6411969008816457,1.893551688843398,0.9617953513224685,0.05343307507347048,2.098259979529171,0.9024390243902437
2016-03-01,Clinton,0.213371266002845,1.351351351351351,0.1422475106685633,0.03556187766714083,0.5334281650071123,1.292517006802721,1.031294452347084,0.03556187766714083,3.197278911564626,0.40425531914893614
2016-04-01,Clinton,0.06983240223463687,1.11731843575419,0.06983240223463687,0.0,0.1396648044692737,1.407506702412869,0.6983240223463687,0.06983240223463687,4.423592493297587,0.31818181818181823
2016-05-01,Clinton,0.1250781738586617,1.438398999374609,0.1563477173233271,0.0,0.4377736085053158,0.5680119581464873,0.969355847404628,0.1250781738586617,2.600896860986547,0.21839080459770116
2016-06-01,Clinton,0.03573981415296641,3.288062902072909,0.3931379556826304,0.03573981415296641,0.2501786990707648,1.273666092943202,0.4288777698355968,0.03573981415296641,3.270223752151463,0.3894736842105265
2016-07-01,Clinton,0.04681647940074907,1.779026217228464,0.1872659176029963,0.0,0.09363295880149813,1.158645276292335,0.6086142322097379,0.1872659176029963,2.985739750445633,0.38805970149253727
2016-08-01,Clinton,0.1480604086467279,0.3257328990228013,0.02961208172934557,0.0,0.207284572105419,0.9870276367738298,0.621853716316257,0.1184483269173823,1.522842639593909,0.648148148148148
2016-09-01,Clinton,0.0,1.47008547008547,0.03418803418803419,0.0,0.3418803418803419,0.7744433688286544,0.2051282051282051,0.03418803418803419,3.03323652791223,0.2553191489361702
2016-10-01,Clinton,0.1060820367751061,0.495049504950495,0.1060820367751061,0.0,0.2121640735502122,0.9757738896366084,2.121640735502122,0.2121640735502122,2.860026917900404,0.34117647058823525
2016-11-01,Clinton,0.0,1.67658193618172,0.08112493239588967,0.02704164413196323,0.3244997295835587,0.5361245851416901,0.2704164413196322,0.1352082206598161,2.552974214960429,0.21000000000000002
2016-12-01,Clinton,,,,,,,,,,
2017-01-01,Clinton,,,,,,,,,,
2017-02-01,Clinton,,,,,,,,,,
2017-03-01,Clinton,,,,,,,,,,
2017-04-01,Clinton,,,,,,,,,,
2017-05-01,Clinton,,,,,,,,,,
2017-06-01,Clinton,,,,,,,,,,
2017-07-01,Clinton,,,,,,,,,,
2017-08-01,Clinton,,,,,,,,,,
2017-09-01,Clinton,,,,,,,,,,
2017-10-01,Clinton,,,,,,,,,,
2017-11-01,Clinton,,,,,,,,,,
2017-12-01,Clinton,,,,,,,,,,
2018-01-01,Clinton,,,,,,,,,,
2018-02-01,Clinton,,,,,,,,,,
2018-03-01,Clinton,,,,,,,,,,
2018-04-01,Clinton,,,,,,,,,,
2018-05-01,Clinton,,,,,,,,,,
2018-06-01,Clinton,,,,,,,,,,
2018-07-01,Clinton,,,,,,,,,,
2018-08-01,Clinton,,,,,,,,,,
2018-09-01,Clinton,,,,,,,,,,
2018-10-01,Clinton,,,,,,,,,,
2018-11-01,Clinton,,,,,,,,,,
2018-12-01,Clinton,,,,,,,,,,
2019-01-01,Clinton,,,,,,,,,,
2019-02-01,Clinton,,,,,,,,,,
2019-03-01,Clinton,,,,,,,,,,
2019-04-01,Clinton,,,,,,,,,,
2019-05-01,Clinton,,,,,,,,,,
2019-06-01,Clinton,,,,,,,,,,
2019-07-01,Clinton,,,,,,,,,,
2019-08-01,Clinton,,,,,,,,,,
2019-09-01,Clinton,,,,,,,,,,
2019-10-01,Clinton,,,,,,,,,,
2019-11-01,Clinton,,,,,,,,,,
2019-12-01,Clinton,,,,,,,,,,
2020-01-01,Clinton,,,,,,,,,,
2020-02-01,Clinton,,,,,,,,,,
2020-03-01,Clinton,,,,,,,,,,
2020-04-01,Clinton,,,,,,,,,,
2020-05-01,Clinton,,,,,,,,,,
2020-06-01,Clinton,,,,,,,,,,
2020-07-01,Clinton,,,,,,,,,,
2020-08-01,Clinton,,,,,,,,,,
2020-09-01,Clinton,,,,,,,,,,
2020-10-01,Clinton,,,,,,,,,,
2020-11-01,Clinton,,,,,,,,,,
2020-12-01,Clinton,,,,,,,,,,
2021-01-01,Clinton,,,,,,,,,,
2021-02-01,Clinton,,,,,,,,,,
2021-03-01,Clinton,,,,,,,,,,
2021-04-01,Clinton,,,,,,,,,,
2021-05-01,Clinton,,,,,,,,,,
2021-06-01,Clinton,,,,,,,,,,
2021-07-01,Clinton,,,,,,,,,,
2021-08-01,Clinton,,,,,,,,,,
2021-09-01,Clinton,,,,,,,,,,
2021-10-01,Clinton,,,,,,,,,,
2021-11-01,Clinton,,,,,,,,,,
2021-12-01,Clinton,,,,,,,,,,
2022-01-01,Clinton,,,,,,,,,,
2022-02-01,Clinton,,,,,,,,,,
2022-03-01,Clinton,,,,,,,,,,
2022-04-01,Clinton,,,,,,,,,,
2022-05-01,Clinton,,,,,,,,,,
2022-06-01,Clinton,,,,,,,,,,
2022-07-01,Clinton,,,,,,,,,,
2022-08-01,Clinton,,,,,,,,,,
2022-09-01,Clinton,,,,,,,,,,
2022-10-01,Clinton,,,,,,,,,,
2022-11-01,Clinton,,,,,,,,,,
2022-12-01,Clinton,,,,,,,,,,
2023-01-01,Clinton,,,,,,,,,,
2023-02-01,Clinton,,,,,,,,,,
2023-03-01,Clinton,,,,,,,,,,
2023-04-01,Clinton,,,,,,,,,,
2023-05-01,Clinton,,,,,,,,,,
2023-06-01,Clinton,,,,,,,,,,
2023-07-01,Clinton,,,,,,,,,,
2023-08-01,Clinton,,,,,,,,,,
2023-09-01,Clinton,,,,,,,,,,
2023-10-01,Clinton,,,,,,,,,,
2023-11-01,Clinton,,,,,,,,,,
2023-12-01,Clinton,,,,,,,,,,
2024-01-01,Clinton,,,,,,,,,,
2024-02-01,Clinton,,,,,,,,,,
2024-03-01,Clinton,,,,,,,,,,
2024-04-01,Clinton,,,,,,,,,,
2024-05-01,Clinton,,,,,,,,,,
2024-06-01,Clinton,,,,,,,,,,
2024-07-01,Clinton,,,,,,,,,,
2024-08-01,Clinton,,,,,,,,,,
2024-09-01,Clinton,,,,,,,,,,
2024-10-01,Clinton,,,,,,,,,,
2024-11-01,Clinton,,,,,,,,,,
2024-12-01,Clinton,,,,,,,,,,
2015-01-01,Biden,,,,,,,,,,
2015-02-01,Biden,,,,,,,,,,
2015-03-01,Biden,,,,,,,,,,
2015-04-01,Biden,,,,,,,,,,
2015-05-01,Biden,,,,,,,,,,
2015-06-01,Biden,,,,,,,,,,
2015-07-01,Biden,,,,,,,,,,
2015-08-01,Biden,,,,,,,,,,
2015-09-01,Biden,,,,,,,,,,
2015-10-01,Biden,,,,,,,,,,
2015-11-01,Biden,,,,,,,,,,
2015-12-01,Biden,,,,,,,,,,
2016-01-01,Biden,,,,,,,,,,
2016-02-01,Biden,,,,,,,,,,
2016-03-01,Biden,,,,,,,,,,
2016-04-01,Biden,,,,,,,,,,
2016-05-01,Biden,,,,,,,,,,
2016-06-01,Biden,,,,,,,,,,
2016-07-01,Biden,,,,,,,,,,
2016-08-01,Biden,,,,,,,,,,
2016-09-01,Biden,,,,,,,,,,
2016-10-01,Biden,,,,,,,,,,
2016-11-01,Biden,,,,,,,,,,
2016-12-01,Biden,,,,,,,,,,
2017-01-01,Biden,,,,,,,,,,
2017-02-01,Biden,,,,,,,,,,
2017-03-01,Biden,,,,,,,,,,
2017-04-01,Biden,,,,,,,,,,
2017-05-01,Biden,,,,,,,,,,
2017-06-01,Biden,,,,,,,,,,
2017-07-01,Biden,,,,,,,,,,
2017-08-01,Biden,,,,,,,,,,
2017-09-01,Biden,,,,,,,,,,
2017-10-01,Biden,,,,,,,,,,
2017-11-01,Biden,,,,,,,,,,
2017-12-01,Biden,,,,,,,,,,
2018-01-01,Biden,,,,,,,,,,
2018-02-01,Biden,,,,,,,,,,
2018-03-01,Biden,,,,,,,,,,
2018-04-01,Biden,,,,,,,,,,
2018-05-01,Biden,,,,,,,,,,
2018-06-01,Biden,,,,,,,,,,
2018-07-01,Biden,,,,,,,,,,
2018-08-01,Biden,,,,,,,,,,
2018-09-01,Biden,,,,,,,,,,
2018-10-01,Biden,,,,,,,,,,
2018-11-01,Biden,,,,,,,,,,
2018-12-01,Biden,,,,,,,,,,
2019-01-01,Biden,,,,,,,,,,
2019-02-01,Biden,,,,,,,,,,
2019-03-01,Biden,0.0,0.527490363156827,0.04057618178129438,0.0,0.2231689997971191,1.349007515899017,0.2434570906877663,0.08115236356258876,3.044902678743496,0.44303797468354417
2019-04-01,Biden,0.04004004004004004,1.521521521521521,0.06006006006006006,0.02002002002002002,0.5605605605605605,1.706484641638225,0.2802802802802802,0.1001001001001001,2.711414486158513,0.6293706293706294
2019-05-01,Biden,0.0,0.7928118393234672,0.1849894291754757,0.05285412262156448,0.105708245243129,1.165146909827761,0.5021141649048625,0.07928118393234672,4.154002026342452,0.2804878048780488
2019-06-01,Biden,0.04532064355313845,1.223657375934738,0.1359619306594154,0.1586222524359846,0.3172445048719692,1.737619461337967,0.5438477226376615,0.0906412871062769,3.366637706342311,0.5161290322580645
2019-07-01,Biden,0.03259452411994785,0.3585397653194263,0.0,0.0,0.3911342894393742,1.316998468606432,0.4563233376792699,0.1955671447196871,2.327718223583461,0.5657894736842106
2019-08-01,Biden,0.0,1.125,0.0625,0.03125,0.375,0.9674582233948988,0.5,0.21875,2.843740838463794,0.34020618556701027
2019-09-01,Biden,0.06657789613848203,1.131824234354194,0.06657789613848203,0.0,0.4660452729693742,1.077313054499366,0.7323568575233023,0.2663115845539281,3.358681875792142,0.320754716981132
2019-10-01,Biden,0.06991784653032686,1.520713162034609,0.01747946163258171,0.0,0.7166579269358504,1.059251903343264,0.5943016955077784,0.08739730816290858,1.936444885799404,0.5470085470085471
2019-11-01,Biden,0.0,0.6297229219143577,0.0,0.0,0.8816120906801008,1.428571428571429,0.2518891687657431,0.1259445843828715,3.690476190476191,0.38709677419354843
2019-12-01,Biden,0.0,1.134062373430539,0.0,0.0,0.04050222762251924,1.388888888888889,0.2835155933576347,0.162008910490077,3.047839506172839,0.4556962025316457
2020-01-01,Biden,0.0238038562247084,0.2856462746965008,0.119019281123542,0.0238038562247084,0.2142347060223756,1.333634719710669,0.6665079742918353,0.119019281123542,2.554249547920434,0.5221238938053098
2020-02-01,Biden,0.0725163161711385,0.5076142131979695,0.0,0.0725163161711385,0.2175489485134155,1.013513513513514,0.9427121102248005,0.2175489485134155,4.72972972972973,0.21428571428571438
2020-03-01,Biden,0.0,0.2886002886002886,0.0,0.07215007215007214,0.2164502164502164,0.8940852819807428,0.4329004329004329,0.07215007215007214,4.883081155433287,0.18309859154929578
2020-04-01,Biden,,,,,,,,,,
2020-05-01,Biden,,,,,,,,,,
2020-06-01,Biden,0.0,0.9935419771485345,0.09935419771485346,0.2483854942871336,0.2483854942871336,1.641718976339932,0.8445106805762544,0.09935419771485346,2.172863351038146,0.7555555555555553
2020-07-01,Biden,0.02663825253063399,2.583910495471497,0.07991475759190196,0.106553010122536,0.2663825253063399,1.456310679611651,0.3995737879595098,0.13319126265317,2.554931016862545,0.5700000000000002
2020-08-01,Biden,0.06563833278634722,1.214309156547424,0.06563833278634722,0.0,0.2625533311453889,0.823924321025328,0.7548408270429932,0.1969149983590417,4.150137320720171,0.19852941176470584
2020-09-01,Biden,0.0,1.529132612707619,0.1581861323490641,0.05272871078302136,0.3427366200896388,1.362604087812263,0.4481940416556816,0.07909306617453203,1.74110522331567,0.7826086956521736
2020-10-01,Biden,0.0,0.9242801279772485,0.1421969427657305,0.2132954141485958,0.2488446498400284,1.022146507666099,0.5687877710629221,0.2488446498400284,1.976149914821124,0.517241379310345
2020-11-01,Biden,0.1236476043276662,1.020092735703246,0.1545595054095827,0.1236476043276662,0.4636785162287481,1.104815864022663,0.6800618238021638,0.06182380216383308,1.756373937677054,0.6290322580645162
2020-12-01,Biden,,,,,,,,,,
2021-01-01,Biden,,,,,,,,,,
2021-02-01,Biden,,,,,,,,,,
2021-03-01,Biden,,,,,,,,,,
2021-04-01,Biden,,,,,,,,,,
2021-05-01,Biden,,,,,,,,,,
2021-06-01,Biden,,,,,,,,,,
2021-07-01,Biden,,,,,,,,,,
2021-08-01,Biden,,,,,,,,,,
2021-09-01,Biden,,,,,,,,,,
2021-10-01,Biden,,,,,,,,,,
2021-11-01,Biden,,,,,,,,,,
2021-12-01,Biden,,,,,,,,,,
2022-01-01,Biden,,,,,,,,,,
2022-02-01,Biden,,,,,,,,,,
2022-03-01,Biden,,,,,,,,,,
2022-04-01,Biden,,,,,,,,,,
2022-05-01,Biden,,,,,,,,,,
2022-06-01,Biden,,,,,,,,,,
2022-07-01,Biden,,,,,,,,,,
2022-08-01,Biden,,,,,,,,,,
2022-09-01,Biden,,,,,,,,,,
2022-10-01,Biden,,,,,,,,,,
2022-11-01,Biden,,,,,,,,,,
2022-12-01,Biden,,,,,,,,,,
2023-01-01,Biden,,,,,,,,,,
2023-02-01,Biden,,,,,,,,,,
2023-03-01,Biden,0.02424242424242424,2.4,0.1212121212121212,0.04848484848484848,0.5090909090909091,1.498787745206083,0.2181818181818182,0.07272727272727272,2.336345602821248,0.6415094339622638
2023-04-01,Biden,0.0,1.099908340971586,0.0458295142071494,0.0,0.0,0.4649196956889264,0.5041246562786434,0.09165902841429881,4.733727810650888,0.0982142857142857
2023-05-01,Biden,0.0,1.640359021974621,0.06190034045187248,0.0,0.0,0.9515813042261404,0.2476013618074899,0.06190034045187248,4.198152812762385,0.22666666666666663
2023-06-01,Biden,0.0,0.9136212624584719,0.0,0.0,0.2491694352159468,0.7377351530800442,0.1661129568106312,0.04152823920265781,1.586130579122095,0.4651162790697675
2023-07-01,Biden,0.0,1.2109375,0.0390625,0.01953125,0.17578125,0.6000705965407696,0.2734375,0.13671875,2.135545358277444,0.28099173553719015
2023-08-01,Biden,0.0,1.26323611369125,0.01857700167193015,0.0,0.2972320267508824,1.358515573227303,0.2786550250789522,0.1300390117035111,2.882703777335984,0.4712643678160921
2023-09-01,Biden,0.0,1.210191082802548,0.03184713375796178,0.1273885350318471,0.03184713375796178,1.34979896611143,0.3821656050955414,0.2229299363057325,2.642159678345778,0.5108695652173912
2023-10-01,Biden,0.03429355281207132,0.1714677640603567,0.03429355281207132,0.03429355281207132,0.06858710562414265,1.013513513513514,1.097393689986282,0.2400548696844993,1.842751842751843,0.5500000000000002
2023-11-01,Biden,0.0,1.588702559576346,0.2942041776993233,0.05884083553986466,0.176522506619594,1.104972375690608,0.529567519858782,0.02942041776993233,2.099447513812155,0.5263157894736843
2023-12-01,Biden,0.0,0.8403361344537815,0.1200480192076831,0.2400960384153661,0.1600640256102441,0.7315288953913679,0.9203681472589036,0.2000800320128051,3.291880029261156,0.22222222222222218
2024-01-01,Biden,0.0,1.585144927536232,0.04528985507246377,0.04528985507246377,0.1811594202898551,0.5835764902042517,0.3623188405797101,0.04528985507246377,2.375989995831596,0.24561403508771934
2024-02-01,Biden,0.02546473134708429,1.06951871657754,0.1527883880825057,0.1527883880825057,0.2291825821237586,0.8586679043861685,0.3310415075120957,0.1273236567354215,2.55279647249942,0.33636363636363636
2024-03-01,Biden,0.08675534991324466,0.6362058993637941,0.0,0.02891844997108155,0.0,1.117754094099298,0.4626951995373048,0.05783689994216309,2.443462438263582,0.45744680851063824
2024-04-01,Biden,0.07132667617689016,0.7845934379457917,0.07132667617689016,0.03566333808844508,0.1783166904422254,0.7428940568475452,0.9272467902995721,0.07132667617689016,1.808785529715762,0.41071428571428575
2024-05-01,Biden,0.1596424010217114,1.277139208173691,0.1596424010217114,0.0,0.3192848020434227,0.5547445255474452,0.351213282247765,0.03192848020434227,2.481751824817518,0.22352941176470592
2024-06-01,Biden,0.1011122345803842,0.1011122345803842,0.0,0.0,0.2022244691607685,0.5982512655315232,0.5561172901921132,0.05055611729019212,2.577082374597331,0.23214285714285712
2024-07-01,Biden,0.0,1.217391304347826,0.1304347826086957,0.04347826086956522,0.08695652173913043,1.146788990825688,0.2608695652173914,0.0,2.82874617737003,0.4054054054054055
2024-08-01,Biden,,,,,,,,,,
2024-09-01,Biden,,,,,,,,,,
2024-10-01,Biden,,,,,,,,,,
2024-11-01,Biden,,,,,,,,,,
2024-12-01,Biden,,,,,,,,,,
2015-01-01,Harris,,,,,,,,,,
2015-02-01,Harris,,,,,,,,,,
2015-03-01,Harris,,,,,,,,,,
2015-04-01,Harris,,,,,,,,,,
2015-05-01,Harris,,,,,,,,,,
2015-06-01,Harris,,,,,,,,,,
2015-07-01,Harris,,,,,,,,,,
2015-08-01,Harris,,,,,,,,,,
2015-09-01,Harris,,,,,,,,,,
2015-10-01,Harris,,,,,,,,,,
2015-11-01,Harris,,,,,,,,,,
2015-12-01,Harris,,,,,,,,,,
2016-01-01,Harris,,,,,,,,,,
2016-02-01,Harris,,,,,,,,,,
2016-03-01,Harris,,,,,,,,,,
2016-04-01,Harris,,,,,,,,,,
2016-05-01,Harris,,,,,,,,,,
2016-06-01,Harris,,,,,,,,,,
2016-07-01,Harris,,,,,,,,,,
2016-08-01,Harris,,,,,,,,,,
2016-09-01,Harris,,,,,,,,,,
2016-10-01,Harris,,,,,,,,,,
2016-11-01,Harris,,,,,,,,,,
2016-12-01,Harris,,,,,,,,,,
2017-01-01,Harris,,,,,,,,,,
2017-02-01,Harris,,,,,,,,,,
2017-03-01,Harris,,,,,,,,,,
2017-04-01,Harris,,,,,,,,,,
2017-05-01,Harris,,,,,,,,,,
2017-06-01,Harris,,,,,,,,,,
2017-07-01,Harris,,,,,,,,,,
2017-08-01,Harris,,,,,,,,,,
2017-09-01,Harris,,,,,,,,,,
2017-10-01,Harris,,,,,,,,,,
2017-11-01,Harris,,,,,,,,,,
2017-12-01,Harris,,,,,,,,,,
2018-01-01,Harris,,,,,,,,,,
2018-02-01,Harris,,,,,,,,,,
2018-03-01,Harris,,,,,,,,,,
2018-04-01,Harris,,,,,,,,,,
2018-05-01,Harris,,,,,,,,,,
2018-06-01,Harris,,,,,,,,,,
2018-07-01,Harris,,,,,,,,,,
2018-08-01,Harris,,,,,,,,,,
2018-09-01,Harris,,,,,,,,,,
2018-10-01,Harris,,,,,,,,,,
2018-11-01,Harris,,,,,,,,,,
2018-12-01,Harris,,,,,,,,,,
2019-01-01,Harris,,,,,,,,,,
2019-02-01,Harris,,,,,,,,,,
2019-03-01,Harris,,,,,,,,,,
2019-04-01,Harris,,,,,,,,,,
2019-05-01,Harris,,,,,,,,,,
2019-06-01,Harris,,,,,,,,,,
2019-07-01,Harris,,,,,,,,,,
2019-08-01,Harris,,,,,,,,,,
2019-09-01,Harris,,,,,,,,,,
2019-10-01,Harris,,,,,,,,,,
2019-11-01,Harris,,,,,,,,,,
2019-12-01,Harris,,,,,,,,,,
2020-01-01,Harris,,,,,,,,,,
2020-02-01,Harris,,,,,,,,,,
2020-03-01,Harris,,,,,,,,,,
2020-04-01,Harris,,,,,,,,,,
2020-05-01,Harris,,,,,,,,,,
2020-06-01,Harris,,,,,,,,,,
2020-07-01,Harris,,,,,,,,,,
2020-08-01,Harris,,,,,,,,,,
2020-09-01,Harris,,,,,,,,,,
2020-10-01,Harris,,,,,,,,,,
2020-11-01,Harris,,,,,,,,,,
2020-12-01,Harris,,,,,,,,,,
2021-01-01,Harris,,,,,,,,,,
2021-02-01,Harris,,,,,,,,,,
2021-03-01,Harris,,,,,,,,,,
2021-04-01,Harris,,,,,,,,,,
2021-05-01,Harris,,,,,,,,,,
2021-06-01,Harris,,,,,,,,,,
2021-07-01,Harris,,,,,,,,,,
2021-08-01,Harris,,,,,,,,,,
2021-09-01,Harris,,,,,,,,,,
2021-10-01,Harris,,,,,,,,,,
2021-11-01,Harris,,,,,,,,,,
2021-12-01,Harris,,,,,,,,,,
2022-01-01,Harris,,,,,,,,,,
2022-02-01,Harris,,,,,,,,,,
2022-03-01,Harris,,,,,,,,,,
2022-04-01,Harris,,,,,,,,,,
2022-05-01,Harris,,,,,,,,,,
2022-06-01,Harris,,,,,,,,,,
2022-07-01,Harris,,,,,,,,,,
2022-08-01,Harris,,,,,,,,,,
2022-09-01,Harris,,,,,,,,,,
2022-10-01,Harris,,,,,,,,,,
2022-11-01,Harris,,,,,,,,,,
2022-12-01,Harris,,,,,,,,,,
2023-01-01,Harris,,,,,,,,,,
2023-02-01,Harris,0.0,0.271370420624152,0.0,0.135685210312076,0.0,0.5134788189987163,0.0,0.0,4.236200256739409,0.12121212121212123
2023-03-01,Harris,0.0,0.2166064981949458,0.0,0.03610108303249097,0.2527075812274368,1.083276912660799,0.2166064981949458,0.03610108303249097,4.265402843601896,0.253968253968254
2023-04-01,Harris,,,,,,,,,,
2023-05-01,Harris,0.09078529278256922,0.7262823422605538,0.0,0.04539264639128461,0.3177485247389923,2.059202059202059,1.588742623694962,0.0,2.359502359502359,0.8727272727272728
2023-06-01,Harris,0.0,0.720100187852223,0.06261740763932373,0.0,0.2817783343769568,0.7339988256018791,0.6261740763932373,0.0,4.580152671755725,0.1602564102564103
2023-07-01,Harris,0.1220504475183076,0.9357200976403581,0.04068348250610252,0.1627339300244101,0.1220504475183076,0.877527661198016,0.7323026851098454,0.0,3.967951163677985,0.22115384615384615
2023-08-01,Harris,0.07283321194464676,0.6554989075018208,0.0,0.1092498179169701,0.2184996358339403,1.299145299145299,0.8739985433357611,0.1092498179169701,3.589743589743589,0.36190476190476195
2023-09-01,Harris,,,,,,,,,,
2023-10-01,Harris,,,,,,,,,,
2023-11-01,Harris,0.0,0.4952947003467063,0.0,0.04952947003467063,0.04952947003467063,1.506161570059334,0.8420009905894007,0.0,3.605659516202647,0.4177215189873419
2023-12-01,Harris,0.2837684449489217,1.70261066969353,0.0,0.0,0.05675368898978433,0.5359056806002144,0.3972758229284903,0.05675368898978433,3.161843515541265,0.1694915254237288
2024-01-01,Harris,0.2271436683702442,0.4542873367404884,0.05678591709256105,0.0,0.1135718341851221,0.7784120394395433,0.9653605905735378,0.05678591709256105,3.736377789309808,0.20833333333333334
2024-02-01,Harris,0.0,0.33003300330033,0.0,0.0,0.0,0.0,0.165016501650165,0.0,4.503105590062112,0.0
2024-03-01,Harris,0.0,1.011122345803842,0.2022244691607685,0.1011122345803842,0.2022244691607685,0.7590132827324478,1.112234580384226,0.0,4.364326375711575,0.17391304347826086
2024-04-01,Harris,0.0,0.2407704654895666,0.0,0.08025682182985554,0.6420545746388443,1.027900146842878,0.5617977528089888,0.0,3.744493392070484,0.2745098039215686
2024-05-01,Harris,0.0,2.501302761855133,0.3126628452318916,0.05211047420531526,0.5211047420531527,0.5432098765432098,1.094319958311621,0.0,3.160493827160494,0.17187499999999997
2024-06-01,Harris,0.03184713375796178,0.7006369426751593,0.09554140127388536,0.1273885350318471,0.286624203821656,1.400059577003277,1.401273885350319,0.03184713375796178,3.693774203157581,0.37903225806451624
2024-07-01,Harris,0.09285051067780872,0.5571030640668524,0.3714020427112349,0.0,0.09285051067780872,0.2194907813871818,1.114206128133705,0.0,4.521510096575944,0.04854368932038836
2024-08-01,Harris,0.05485463521667581,0.9325287986834888,0.3291278113000549,0.05485463521667581,0.3291278113000549,0.5213764337851928,1.481075150850247,0.0,3.910323253388947,0.1333333333333333
2024-09-01,Harris,0.06958942240779402,1.217814892136395,0.104384133611691,0.104384133611691,0.139178844815588,1.137841352405722,0.6610995128740431,0.0,3.901170351105332,0.29166666666666674
2024-10-01,Harris,0.1175548589341693,0.5094043887147335,0.1567398119122257,0.0,0.1175548589341693,0.5899705014749262,1.253918495297806,0.03918495297805642,3.502949852507375,0.16842105263157892
2024-11-01,Harris,,,,,,,,,,
2024-12-01,Harris,,,,,,,,,,
